{
  "bit_values": [
    3,
    4,
    5,
    6,
    7,
    8
  ],
  "drift_sigmas": [
    0.001,
    0.005,
    0.01,
    0.02,
    0.05,
    0.1
  ],
  "recall_matrix": [
    [
      0.703125,
      0.710625,
      0.69,
      0.67125,
      0.57125,
      0.39875
    ],
    [
      0.855,
      0.849375,
      0.83,
      0.798125,
      0.605,
      0.414375
    ],
    [
      0.926875,
      0.910625,
      0.89125,
      0.850625,
      0.65125,
      0.41375
    ],
    [
      0.95875,
      0.948125,
      0.913125,
      0.843125,
      0.65,
      0.4275
    ],
    [
      0.9775,
      0.949375,
      0.92,
      0.84125,
      0.655625,
      0.4175
    ],
    [
      0.98,
      0.951875,
      0.92,
      0.846875,
      0.660625,
      0.418125
    ]
  ],
  "params": {
    "d": 64,
    "N": 1024,
    "K": 32,
    "n_trials": 50
  }
}