{
  "description": "Recall@32 vs weight quantization bit precision",
  "parameters": {
    "d": 64,
    "N_blocks": 1024,
    "K": 32,
    "n_trials": 100
  },
  "bit_values": [
    2,
    3,
    4,
    5,
    6,
    7,
    8
  ],
  "results": {
    "2": {
      "mean": 0.4571875,
      "std": 0.07176009837472354
    },
    "3": {
      "mean": 0.6928125,
      "std": 0.06570753738156682
    },
    "4": {
      "mean": 0.840625,
      "std": 0.04831132760543846
    },
    "5": {
      "mean": 0.926875,
      "std": 0.033136790354528906
    },
    "6": {
      "mean": 0.9596875,
      "std": 0.025880962477272753
    },
    "7": {
      "mean": 0.9796875,
      "std": 0.016755945773068142
    },
    "8": {
      "mean": 0.9884375,
      "std": 0.015087634630716638
    }
  }
}