{
  "8": {
    "relu_mean": 0.06546875,
    "relu_std": 0.048371679068826,
    "split_mean": 0.0834375,
    "split_std": 0.05248790783361439,
    "signed_mean": 0.085,
    "signed_std": 0.05485777064372922
  },
  "16": {
    "relu_mean": 0.078125,
    "relu_std": 0.049706167876833955,
    "split_mean": 0.10609375,
    "split_std": 0.05650095927006461,
    "signed_mean": 0.1153125,
    "signed_std": 0.057655191385945465
  },
  "32": {
    "relu_mean": 0.10703125,
    "relu_std": 0.05824898570737091,
    "split_mean": 0.146875,
    "split_std": 0.06147598616533126,
    "signed_mean": 0.16625,
    "signed_std": 0.06619986310408807
  },
  "64": {
    "relu_mean": 0.1478125,
    "relu_std": 0.06626989677636445,
    "split_mean": 0.21046875,
    "split_std": 0.0690672721767517,
    "signed_mean": 0.24640625,
    "signed_std": 0.07147835527932564
  }
}